Arabic,English
賮賷爻亘賵賰,facebook
丕賳爻鬲噩乇丕賲,instagram
賵丕鬲爻丕亘,whatsapp
賷賵鬲賷賵亘,youtube
鬲賷賰 鬲賵賰,tiktok
爻亘賵鬲賷賮丕賷,spotify
賳鬲賮賱賷賰爻,netflix
噩賵噩賱,google
噩賷賲賷賱,gmail
丿賷爻賰賵乇丿,discord
乇賵亘賱賵賰爻,roblox
賲丕賷賳賰乇丕賮鬲,minecraft
賮賵乇鬲賳丕賷鬲,fortnite
賮丕賱賵乇丕賳鬲,valorant
爻鬲賷賲,steam
鬲賵賷鬲乇,twitter
賱賷賳賰丿丕賳,linkedin
乇賷丿賷鬲,reddit
爻賳丕亘 卮丕鬲,snapchat
鬲賷賱賷噩乇丕賲,telegram
賲賷賵夭賷賰,music
爻賵賳噩,song
丕乇鬲賷爻鬲,artist
丕賱亘賵賲,album
亘賱丕賷賱賷爻鬲,playlist
鬲乇丕賰,track
爻賷賳噩乇,singer
乇丕亘乇,rapper
丿賷 噩賷,dj
賰賲亘賷賵鬲乇,computer
賱丕亘 鬲賵亘,laptop
賰賷亘賵乇丿,keyboard
賲丕賵爻,mouse
賲賵賳賷鬲賵乇,monitor
丕賳鬲乇賳鬲,internet
賵賷亘爻丕賷鬲,website
丕亘賱賰賷卮賳,application
爻賵賮鬲賵賷乇,software
賴丕乇丿賵賷乇,hardware
丿丕鬲丕亘賷夭,database
爻賷乇賮乇,server
鬲賰賳賵賱賵噩賷,technology
亘乇賵噩乇丕賲,program
賰賵丿,code
丿賷賮賱賵亘乇,developer
噩賷賲賷賳噩,gaming
亘賱丕賷乇,player
賱賷賮賱,level
賲賷卮賳,mission
亘丕鬲賱,battle
賰丕乇丕賰鬲乇,character
賱賵賮乇,lover
亘賷亘賷,baby
賰乇賷夭賷,crazy
賴丕亘賷,happy
爻丕丿,sad
亘賷賵鬲賷賮賵賱,beautiful
亘賷乇賮賰鬲,perfect
丕賲賷夭賳噩,amazing
丕賵爻賲,awesome
賴丕賱賵,hello
賴丕賷,hi
亘丕賷,bye
丕賵賰賷,okay
孬丕賳賰爻,thanks
爻賵乇賷,sorry
亘賱賷夭,please